,precision,recall,f1-score,support,f2_score
-1,0.9907834101382489,0.80625,0.8890420399724328,800.0,0.8374448195273955
1,0.16666666666666666,0.8378378378378378,0.2780269058295964,37.0,0.46407185628742514
accuracy,0.8076463560334528,0.8076463560334528,0.8076463560334528,0.8076463560334528,0.8076463560334528
macro avg,0.5787250384024578,0.8220439189189189,0.5835344729010146,837.0,0.6507583379074103
weighted avg,0.9543529208808431,0.8076463560334528,0.8620318130151031,837.0,0.8209396825621877
