,precision,recall,f1-score,support
0,0.9905660377358491,0.7875,0.8774373259052924,800.0
1,0.15422885572139303,0.8378378378378378,0.26050420168067223,37.0
accuracy,0.7897252090800478,0.7897252090800478,0.7897252090800478,0.7897252090800478
macro avg,0.572397446728621,0.8126689189189189,0.5689707637929824,837.0
weighted avg,0.9535953379335375,0.7897252090800478,0.8501654912621491,837.0
