,precision,recall,f1-score,support
-1,0.9865996649916248,0.73625,0.8432355046528275,800.0
1,0.12083333333333333,0.7837837837837838,0.20938628158844766,37.0
accuracy,0.7383512544802867,0.7383512544802867,0.7383512544802867,0.7383512544802867
macro avg,0.553716499162479,0.7600168918918919,0.5263108931206376,837.0
weighted avg,0.9483280350377935,0.7383512544802867,0.8152158854731595,837.0
