,precision,recall,f1-score,support,f2_score
-1,0.993431855500821,0.75625,0.8587650816181688,800.0,0.7941716986085587
1,0.14473684210526316,0.8918918918918919,0.24905660377358493,37.0,0.43882978723404253
accuracy,0.7622461170848268,0.7622461170848268,0.7622461170848268,0.7622461170848268,0.7622461170848268
macro avg,0.5690843488030422,0.8240709459459459,0.5539108426958769,837.0,0.6165007429213006
weighted avg,0.9559148716350675,0.7622461170848268,0.8318126160503675,837.0,0.7784636332311906
