,precision,recall,f1-score,support
0,0.9843014128728415,0.78375,0.872651356993737,800.0
1,0.135,0.7297297297297297,0.2278481012658228,37.0
accuracy,0.7813620071684588,0.7813620071684588,0.7813620071684588,0.7813620071684588
macro avg,0.5596507064364207,0.7567398648648649,0.5502497291297799,837.0
weighted avg,0.9467576228175306,0.7813620071684588,0.8441475093689667,837.0
